Date,Platform,Hook Version,Views 24h,Views 48h,Views 7d,Likes,Comments,Shares,Saves,Bio Link Clicks,Comment Rate,Save Rate,Share Rate,Engagement Rate,Notes
2026-03-23,TikTok,Original (Control),,,,,,,,,=G2/F2,=J2/F2,=I2/F2,=(G2+H2+I2+J2)/F2,First post
,,,,,,,,,,,,,,,,
WEEKLY SUMMARY,,,,,,,,,,,,,,,,
Week,Best Hook,Top Platform,Total Reach,Total Inquiries,Key Learning,,,,,,,,,,
1,,,,,,,,,,,,,,,,
2,,,,,,,,,,,,,,,,
,,,,,,,,,,,,,,,,
CONVERSION TRACKING,,,,,,,,,,,,,,,,
Date,Website Visits (GA),UK Traffic %,Booking Page Views,Inquiries,Source,,,,,,,,,,,
